source_id,work_id,title,url,accessed_at_utc,source_kind,episode_scope,variant,body_verified,notes,record_kind,url_status,url_missing_reason,access_time_status,access_time_missing_reason,access_time_status_original
G05-S01-01,G05-W01,アケミちゃん,https://nazolog.com/blog-entry-5168.html,2026-10-04T11:45:39.892935+00:00,投稿本文転載,掲載1/2：電車・友人宅・後の再遭遇,初出との完全一致未確認／このURL掲載版,true,対象範囲を独立に読了。初出ログとの逐語一致は未確認。日時は台帳整備時の再取得開始UTC。広告・コメント・リンク先の派生は分析対象外。,source,identified,,timestamp_utc,,
G05-S01-02,G05-W01,アケミちゃん,https://nazolog.com/blog-entry-5169.html,2026-10-04T11:45:39.893607+00:00,投稿本文転載,掲載2/2：逃走・人形の指・最終報告,初出との完全一致未確認／このURL掲載版,true,対象範囲を独立に読了。初出ログとの逐語一致は未確認。日時は台帳整備時の再取得開始UTC。広告・コメント・リンク先の派生は分析対象外。,source,identified,,timestamp_utc,,
G05-S02-01,G05-W02,ありがとう、ウルトラマン,https://nazolog.com/blog-entry-2512.html,2026-10-04T11:45:39.894268+00:00,投稿本文転載,2006年投稿群の絵購入から霊能者の処置・最終の謝辞まで。派生ヒーロー怪談は除外。,初出との完全一致未確認／このURL掲載版,true,対象範囲を独立に読了。初出ログとの逐語一致は未確認。日時は台帳整備時の再取得開始UTC。広告・コメント・リンク先の派生は分析対象外。,source,identified,,timestamp_utc,,
G05-S03-01,G05-W03,海からやってくるモノ,https://kaidanstorys.com/umikara-kuru/,2026-10-04T11:45:39.894799+00:00,投稿本文転載,本編と後日談の掲載1/3頁,初出との完全一致未確認／このURL掲載版,true,対象範囲を独立に読了。初出ログとの逐語一致は未確認。日時は台帳整備時の再取得開始UTC。広告・コメント・リンク先の派生は分析対象外。,source,identified,,timestamp_utc,,
G05-S03-02,G05-W03,海からやってくるモノ,https://kaidanstorys.com/umikara-kuru/2/,2026-10-04T11:45:39.895569+00:00,投稿本文転載,本編と後日談の掲載2/3頁,初出との完全一致未確認／このURL掲載版,true,対象範囲を独立に読了。初出ログとの逐語一致は未確認。日時は台帳整備時の再取得開始UTC。広告・コメント・リンク先の派生は分析対象外。,source,identified,,timestamp_utc,,
G05-S03-03,G05-W03,海からやってくるモノ,https://kaidanstorys.com/umikara-kuru/3/,2026-10-04T11:45:39.897013+00:00,投稿本文転載,本編と後日談の掲載3/3頁,初出との完全一致未確認／このURL掲載版,true,対象範囲を独立に読了。初出ログとの逐語一致は未確認。日時は台帳整備時の再取得開始UTC。広告・コメント・リンク先の派生は分析対象外。,source,identified,,timestamp_utc,,
G05-S05-01,G05-W05,オキテル,https://horror2ch.com/archives/post-2226.html,2026-10-04T11:45:39.898261+00:00,投稿本文転載,砂風呂の遭遇から同行者への報告までの単話。,初出との完全一致未確認／このURL掲載版,true,対象範囲を独立に読了。初出ログとの逐語一致は未確認。日時は台帳整備時の再取得開始UTC。広告・コメント・リンク先の派生は分析対象外。,source,identified,,timestamp_utc,,
G05-S06-01,G05-W06,禍垂,https://kowaihanasi.ghostmap.jp/hanasi.php?cd=22749,2026-10-04T11:45:39.901036+00:00,投稿本文転載,掲載されたトンネル遭遇、儀礼、専門家の後の説明までの本編。,初出との完全一致未確認／このURL掲載版,true,対象範囲を独立に読了。初出ログとの逐語一致は未確認。日時は台帳整備時の再取得開始UTC。広告・コメント・リンク先の派生は分析対象外。,source,identified,,timestamp_utc,,
G05-S07-01,G05-W07,きじまさん,https://ocsoku.com/archives/40323511.html,2026-10-04T11:59:13Z,投稿本文転載,作り話の提示、流布した体験談、話の創作者への確認までの単話。,初出との完全一致未確認／このURL掲載版,true,公開Web取得で投稿765～770の本文を確認・再読。直接HTTPは403だが公開Web結果は本文27～151行を取得。日時は再読完了UTC。,source,identified,,timestamp_utc,,
G05-S08-01,G05-W08,朽縄様,https://nazolog.com/blog-entry-5286.html,2026-10-04T11:45:47.497038+00:00,投稿本文転載,祖父の由来話と孫の一晩の防御・翌朝の説明まで。,初出との完全一致未確認／このURL掲載版,true,対象範囲を独立に読了。初出ログとの逐語一致は未確認。日時は台帳整備時の再取得開始UTC。広告・コメント・リンク先の派生は分析対象外。,source,identified,,timestamp_utc,,
G05-S09-01,G05-W09,高校のクラス全員で悪霊と戦った話させてくれ,https://www.llike.net/2ch/fear/akuryo/,2026-10-04T11:45:47.539285+00:00,投稿本文転載,投稿本文Part1/4。Part4は偽追記への訂正を含む。,初出との完全一致未確認／このURL掲載版,true,対象範囲を独立に読了。初出ログとの逐語一致は未確認。日時は台帳整備時の再取得開始UTC。広告・コメント・リンク先の派生は分析対象外。,source,identified,,timestamp_utc,,
G05-S09-02,G05-W09,高校のクラス全員で悪霊と戦った話させてくれ,https://www.llike.net/2ch/fear/akuryo/2.htm,2026-10-04T11:45:47.542088+00:00,投稿本文転載,投稿本文Part2/4。Part4は偽追記への訂正を含む。,初出との完全一致未確認／このURL掲載版,true,対象範囲を独立に読了。初出ログとの逐語一致は未確認。日時は台帳整備時の再取得開始UTC。広告・コメント・リンク先の派生は分析対象外。,source,identified,,timestamp_utc,,
G05-S09-03,G05-W09,高校のクラス全員で悪霊と戦った話させてくれ,https://www.llike.net/2ch/fear/akuryo/3.htm,2026-10-04T11:45:47.740568+00:00,投稿本文転載,投稿本文Part3/4。Part4は偽追記への訂正を含む。,初出との完全一致未確認／このURL掲載版,true,対象範囲を独立に読了。初出ログとの逐語一致は未確認。日時は台帳整備時の再取得開始UTC。広告・コメント・リンク先の派生は分析対象外。,source,identified,,timestamp_utc,,
G05-S09-04,G05-W09,高校のクラス全員で悪霊と戦った話させてくれ,https://www.llike.net/2ch/fear/akuryo/4.htm,2026-10-04T11:45:48.159803+00:00,投稿本文転載,投稿本文Part4/4。Part4は偽追記への訂正を含む。,初出との完全一致未確認／このURL掲載版,true,対象範囲を独立に読了。初出ログとの逐語一致は未確認。日時は台帳整備時の再取得開始UTC。広告・コメント・リンク先の派生は分析対象外。,source,identified,,timestamp_utc,,
G05-S10-01,G05-W10,逆さの樵面,https://the-mystery.org/dreadful_story/post-2591/,2026-10-04T11:45:48.412757+00:00,投稿本文転載,神楽復元、封じられた面の回収、由来説明と座長の死まで。後世の再話は除外。,初出との完全一致未確認／このURL掲載版,true,対象範囲を独立に読了。初出ログとの逐語一致は未確認。日時は台帳整備時の再取得開始UTC。広告・コメント・リンク先の派生は分析対象外。,source,identified,,timestamp_utc,,
G05-S11-01,G05-W11,自己責任(洒落怖),https://kaidanstorys.com/jikosekinin-13/,2026-10-04T11:45:48.774397+00:00,投稿本文転載,封じられた家の写真に触れる少年たちの事件、後日談、語り手の読者への伝達まで。,初出との完全一致未確認／このURL掲載版,true,対象範囲を独立に読了。初出ログとの逐語一致は未確認。日時は台帳整備時の再取得開始UTC。広告・コメント・リンク先の派生は分析対象外。,source,identified,,timestamp_utc,,
G05-S12-01,G05-W12,邪視,https://fumibako.com/kowai/story/1/12.html,2026-10-04T11:45:52.264656+00:00,投稿本文転載,叔父との山小屋での遭遇から退避・小屋の処分まで。,初出との完全一致未確認／このURL掲載版,true,対象範囲を独立に読了。初出ログとの逐語一致は未確認。日時は台帳整備時の再取得開始UTC。広告・コメント・リンク先の派生は分析対象外。,source,identified,,timestamp_utc,,
G05-S13-01,G05-W13,背無し,https://nazolog.com/blog-entry-5899.html,2026-10-04T11:45:52.829540+00:00,投稿本文転載,背中を確かめる運転、車内出現、事故、警察の説明と5年の後日談。,初出との完全一致未確認／このURL掲載版,true,対象範囲を独立に読了。初出ログとの逐語一致は未確認。日時は台帳整備時の再取得開始UTC。広告・コメント・リンク先の派生は分析対象外。,source,identified,,timestamp_utc,,
G05-S14-01,G05-W14,地下の井戸,https://the-mystery.org/scary_story/post-2511/,2026-10-04T11:45:53.386202+00:00,投稿本文転載,花配達から組織の地下搬送、井戸の目撃、逃亡と投稿の結末まで。,初出との完全一致未確認／このURL掲載版,true,対象範囲を独立に読了。初出ログとの逐語一致は未確認。日時は台帳整備時の再取得開始UTC。広告・コメント・リンク先の派生は分析対象外。,source,identified,,timestamp_utc,,
G05-S15-01,G05-W15,ツンバイさん,https://the-mystery.org/psychic/tsunbai_san/,2026-10-04T11:45:56.552691+00:00,投稿本文転載,小5の一輪車と写真、小6の別児童の目撃まで。,初出との完全一致未確認／このURL掲載版,true,対象範囲を独立に読了。初出ログとの逐語一致は未確認。日時は台帳整備時の再取得開始UTC。広告・コメント・リンク先の派生は分析対象外。,source,identified,,timestamp_utc,,
G05-S16-01,G05-W16,ドライブイン,https://kowai-hanashi.hatenablog.com/entry/18,2026-10-04T11:45:57.989925+00:00,投稿本文転載,林道への誤進入、ドライブイン、女子学生との退避、警察の照合と消失まで。,初出との完全一致未確認／このURL掲載版,true,対象範囲を独立に読了。初出ログとの逐語一致は未確認。日時は台帳整備時の再取得開始UTC。広告・コメント・リンク先の派生は分析対象外。,source,identified,,timestamp_utc,,
G05-S17-01,G05-W17,人間をついばむカラスはすぐ殺せ,https://fumibako.com/kowai/story/1/249.html,2026-10-04T11:45:59.370025+00:00,投稿本文転載,本編と同じ掲載ページの後日談。絵の読み直しと卵の処分・安置まで。,初出との完全一致未確認／このURL掲載版,true,対象範囲を独立に読了。初出ログとの逐語一致は未確認。日時は台帳整備時の再取得開始UTC。広告・コメント・リンク先の派生は分析対象外。掲載ヘッダーはホラーテラー投稿。2chが初出という一般説明を採用しない。,source,identified,,timestamp_utc,,
G05-S18-01,G05-W18,八尺様,https://nazolog.com/blog-entry-1020.html,2026-10-04T11:45:59.373476+00:00,投稿本文転載,初遭遇、一晩の隔離、村外への搬送、10年後の祖母の電話まで。,初出との完全一致未確認／このURL掲載版,true,対象範囲を独立に読了。初出ログとの逐語一致は未確認。日時は台帳整備時の再取得開始UTC。広告・コメント・リンク先の派生は分析対象外。,source,identified,,timestamp_utc,,
G05-S19-01,G05-W19,ヒサルキ,https://kowaihanasi.ghostmap.jp/hanasi.php?cd=152,2026-10-04T11:45:59.657572+00:00,投稿本文転載,保育園編の投稿本文を全読了。他の失踪・山・動物等の関連エピソードは網羅していない。,初出との完全一致未確認／このURL掲載版,true,対象範囲を独立に読了。初出ログとの逐語一致は未確認。日時は台帳整備時の再取得開始UTC。広告・コメント・リンク先の派生は分析対象外。シリーズ全体は未網羅。保育園編のみ。,source,identified,,timestamp_utc,,
G05-S20-01,G05-W20,人を恨み続けていたら幼少の頃の友人を思い出す話,https://black-one-neck.blog.jp/archives/1083473520.html,2026-10-04T11:45:59.674231+00:00,投稿本文転載,恨み・夢・旧友の記憶から転職後の後日談までの掲載投稿群。,初出との完全一致未確認／このURL掲載版,true,対象範囲を独立に読了。初出ログとの逐語一致は未確認。日時は台帳整備時の再取得開始UTC。広告・コメント・リンク先の派生は分析対象外。,source,identified,,timestamp_utc,,
G05-S22-01,G05-W22,猛スピード,https://kowaihanasi.ghostmap.jp/hanasi.php?cd=21301,2026-10-04T11:45:59.854094+00:00,投稿本文転載,屋上の望遠観察から逃走・一晩の待機・後日談までの単話。,初出との完全一致未確認／このURL掲載版,true,対象範囲を独立に読了。初出ログとの逐語一致は未確認。日時は台帳整備時の再取得開始UTC。広告・コメント・リンク先の派生は分析対象外。,source,identified,,timestamp_utc,,
G05-S23-01,G05-W23,U先生,https://kowaihanasi.ghostmap.jp/hanasi.php?cd=22897,2026-10-04T11:45:59.860050+00:00,投稿本文転載,候補A：光の誓い（幼稚園のU先生）,初出との完全一致未確認／このURL掲載版,true,対象範囲を独立に読了。初出ログとの逐語一致は未確認。日時は台帳整備時の再取得開始UTC。広告・コメント・リンク先の派生は分析対象外。両候補を読了したが指定一覧項目との対応は確定していない。,source,identified,,timestamp_utc,,
G05-S23-02,G05-W23,U先生,https://kowaihanasi.ghostmap.jp/hanasi.php?cd=375,2026-10-04T11:45:59.963809+00:00,投稿本文転載,候補B：幽霊が出る部屋（小学校教師U）,初出との完全一致未確認／このURL掲載版,true,対象範囲を独立に読了。初出ログとの逐語一致は未確認。日時は台帳整備時の再取得開始UTC。広告・コメント・リンク先の派生は分析対象外。両候補を読了したが指定一覧項目との対応は確定していない。,source,identified,,timestamp_utc,,
G05-S24-01,G05-W24,夢魅,https://kowaihanasi.ghostmap.jp/hanasi.php?cd=8695,2026-10-04T11:46:04.103974+00:00,投稿本文転載,廃寺地下の封じられた珠への接触、Kの夢と自傷、祖父・住職の由来説明、新しい箱への封じと移管まで。,初出との完全一致未確認／このURL掲載版,true,対象範囲を独立に読了。初出ログとの逐語一致は未確認。日時は台帳整備時の再取得開始UTC。広告・コメント・リンク先の派生は分析対象外。,source,identified,,timestamp_utc,,
G05-S25-01,G05-W25,リゾートバイト,https://syarekowa-mania.hateblo.jp/entry/resort-arbeit/,2026-10-04T11:46:05.710851+00:00,投稿本文転載,転載版の全文：就労、上階の遭遇、逃走、堂の一晩、祓い、住職の由来説明、旅館の後日の連絡まで。,初出との完全一致未確認／このURL掲載版,true,対象範囲を独立に読了。初出ログとの逐語一致は未確認。日時は台帳整備時の再取得開始UTC。広告・コメント・リンク先の派生は分析対象外。掲載ヘッダーはホラーテラー投稿。2chが初出という一般説明を採用しない。,source,identified,,timestamp_utc,,
G05-S26-01,G05-W26,ヲヲーンワ,https://note.com/suzakus/n/nd975685bb650,2026-10-04T12:06:39.074Z,二次的な名称説明,対象本文未同定,候補のみ,false,スレッド380に言及された悪魔という名称説明のみ。物語本文・投稿番号の証拠はない。 日時は最終再確認開始UTC。,source,identified,,timestamp_utc,,
G05-S26-02,G05-W26,ヲヲーンワ,https://mao.5ch.io/test/read.cgi/occult/1729726033/,2026-10-04T12:06:39.074Z,原典候補・取得失敗,対象本文未同定,候補のみ,false,直接HTTP403。本文は取得できず。公開検索で見つかったスレッド番号を記録。 日時は最終再確認開始UTC。,source,identified,,timestamp_utc,,
G05-S26-03,G05-W26,ヲヲーンワ,https://n2ch.net/r/3cv0/occult/1729726033/1-?guid=ON,2026-10-04T12:06:39.074Z,公開ログ内の対象検索,対象本文未同定,候補のみ,false,1～1000番帯の10ページで「ヲヲ」「魔翠」「女の字」を検索し該当なし。1001番帯へも移動したが対象本文の同定に至らず。ログを通読した、本文が存在しないと証明した、とは主張しない。 日時は最終再確認開始UTC。,source,identified,,timestamp_utc,,
